,state,year,illnesses,hospitalizations,outbreak_counts
0,Alabama,1998,5,2.0,2
1,Alabama,1999,411,7.0,53
2,Alabama,2000,280,8.0,43
3,Alabama,2001,5,0.0,1
4,Alabama,2002,135,1.0,47
5,Alabama,2003,100,1.0,33
6,Alabama,2004,67,0.0,27
7,Alabama,2005,32,0.0,1
8,Alabama,2006,741,0.0,1
9,Alabama,2007,80,16.0,6
10,Alabama,2008,103,10.0,4
11,Alabama,2009,58,2.0,3
12,Alabama,2010,31,0.0,2
13,Alabama,2011,54,12.0,4
14,Alabama,2012,57,7.0,2
15,Alabama,2013,124,33.0,3
16,Alabama,2014,240,16.0,4
17,Alabama,2015,170,45.0,6
18,Alabama,2016,354,25.0,10
19,Alabama,2017,106,3.0,3
20,Alabama,2018,19,3.0,2
21,Alabama,2020,10,0.0,1
22,Alabama,2021,12,0.0,2
23,Alaska,1998,3,3.0,1
24,Alaska,1999,191,0.0,1
25,Alaska,2000,90,11.0,6
26,Alaska,2001,100,4.0,4
27,Alaska,2002,139,9.0,13
28,Alaska,2003,73,2.0,2
29,Alaska,2004,92,0.0,2
30,Alaska,2005,37,8.0,6
31,Alaska,2006,89,2.0,3
32,Alaska,2007,27,6.0,4
33,Alaska,2008,122,12.0,7
34,Alaska,2009,35,0.0,1
35,Alaska,2010,52,6.0,5
36,Alaska,2011,42,6.0,3
37,Alaska,2012,51,1.0,6
38,Alaska,2013,66,8.0,10
39,Alaska,2014,110,9.0,11
40,Alaska,2015,3,3.0,1
41,Alaska,2016,36,3.0,3
42,Alaska,2017,18,4.0,5
43,Alaska,2018,9,0.0,2
44,Alaska,2019,25,7.0,4
45,Alaska,2021,70,4.0,3
46,Arizona,1998,58,11.0,1
47,Arizona,1999,300,11.0,3
48,Arizona,2000,101,1.0,2
49,Arizona,2001,190,9.0,4
50,Arizona,2002,85,5.0,3
51,Arizona,2003,14,0.0,2
52,Arizona,2004,444,7.0,20
53,Arizona,2005,81,1.0,7
54,Arizona,2006,487,19.0,17
55,Arizona,2007,398,14.0,26
56,Arizona,2008,456,33.0,35
57,Arizona,2009,254,9.0,24
58,Arizona,2010,321,10.0,43
59,Arizona,2011,281,2.0,29
60,Arizona,2012,504,14.0,37
61,Arizona,2013,438,44.0,18
62,Arizona,2014,251,15.0,22
63,Arizona,2015,447,17.0,14
64,Arizona,2016,179,13.0,11
65,Arizona,2017,92,7.0,5
66,Arizona,2018,235,18.0,13
67,Arizona,2019,53,7.0,8
68,Arizona,2020,57,22.0,5
69,Arizona,2021,38,3.0,5
70,Arkansas,1998,32,7.0,2
71,Arkansas,1999,240,2.0,3
72,Arkansas,2000,132,20.0,2
73,Arkansas,2001,75,4.0,2
74,Arkansas,2002,196,9.0,6
75,Arkansas,2003,104,1.0,2
76,Arkansas,2004,15,5.0,1
77,Arkansas,2005,113,17.0,4
78,Arkansas,2006,208,13.0,3
79,Arkansas,2007,56,2.0,2
80,Arkansas,2008,4,1.0,1
81,Arkansas,2009,165,3.0,2
82,Arkansas,2010,5,2.0,1
83,Arkansas,2011,39,13.0,3
84,Arkansas,2012,605,6.0,6
85,Arkansas,2013,65,6.0,7
86,Arkansas,2014,290,14.0,4
87,Arkansas,2015,39,4.0,3
88,Arkansas,2016,62,6.0,2
89,Arkansas,2017,39,0.0,1
90,Arkansas,2018,256,1.0,2
91,Arkansas,2019,6,1.0,1
92,California,1998,2694,90.0,98
93,California,1999,3039,54.0,115
94,California,2000,3373,57.0,138
95,California,2001,2584,58.0,171
96,California,2002,3347,63.0,206
97,California,2003,2669,111.0,185
98,California,2004,2856,68.0,178
99,California,2005,3166,57.0,151
100,California,2006,4633,68.0,200
101,California,2007,2360,89.0,153
102,California,2008,2268,75.0,119
103,California,2009,974,20.0,80
104,California,2010,1090,37.0,80
105,California,2011,1175,57.0,82
106,California,2012,843,30.0,78
107,California,2013,1133,65.0,83
108,California,2014,929,43.0,87
109,California,2015,1483,93.0,115
110,California,2016,1009,38.0,94
111,California,2017,1537,64.0,107
112,California,2018,1139,49.0,106
113,California,2019,1209,17.0,109
114,California,2020,204,10.0,16
115,California,2021,330,11.0,40
116,Colorado,1998,437,4.0,30
117,Colorado,1999,261,4.0,18
118,Colorado,2000,424,16.0,24
119,Colorado,2001,560,7.0,21
120,Colorado,2002,310,10.0,13
121,Colorado,2003,343,8.0,18
122,Colorado,2004,787,7.0,30
123,Colorado,2005,523,11.0,21
124,Colorado,2006,2212,18.0,45
125,Colorado,2007,623,25.0,33
126,Colorado,2008,755,17.0,59
127,Colorado,2009,548,20.0,26
128,Colorado,2010,522,16.0,31
129,Colorado,2011,441,6.0,23
130,Colorado,2012,519,7.0,35
131,Colorado,2013,294,10.0,27
132,Colorado,2014,264,7.0,24
133,Colorado,2015,276,8.0,32
134,Colorado,2016,341,5.0,29
135,Colorado,2017,510,7.0,33
136,Colorado,2018,538,7.0,29
137,Colorado,2019,310,12.0,29
138,Colorado,2020,77,9.0,13
139,Colorado,2021,233,7.0,27
140,Connecticut,1998,325,0.0,7
141,Connecticut,1999,105,18.0,7
142,Connecticut,2000,129,5.0,8
143,Connecticut,2001,535,6.0,17
144,Connecticut,2002,164,5.0,7
145,Connecticut,2003,88,3.0,7
146,Connecticut,2004,236,6.0,11
147,Connecticut,2005,175,7.0,14
148,Connecticut,2006,233,2.0,15
149,Connecticut,2007,191,6.0,12
150,Connecticut,2008,209,8.0,11
151,Connecticut,2009,305,9.0,16
152,Connecticut,2010,336,12.0,23
153,Connecticut,2011,215,9.0,17
154,Connecticut,2012,157,4.0,13
155,Connecticut,2013,248,11.0,13
156,Connecticut,2014,190,12.0,20
157,Connecticut,2015,310,8.0,20
158,Connecticut,2016,117,9.0,15
159,Connecticut,2017,349,6.0,18
160,Connecticut,2018,614,27.0,19
161,Connecticut,2019,150,4.0,11
162,Connecticut,2020,16,2.0,3
163,Connecticut,2021,303,10.0,11
164,Delaware,2002,21,4.0,1
165,Delaware,2003,90,0.0,3
166,Delaware,2004,31,1.0,2
167,Delaware,2005,15,0.0,1
168,Delaware,2006,8,1.0,1
169,Delaware,2007,5,2.0,1
170,Delaware,2008,36,0.0,2
171,Delaware,2012,5,0.0,1
172,Delaware,2015,18,0.0,1
173,Delaware,2016,33,1.0,1
174,Delaware,2017,13,0.0,3
175,Delaware,2018,15,0.0,3
176,Delaware,2019,4,0.0,1
177,Delaware,2021,40,8.0,1
178,Florida,1998,3219,101.0,281
179,Florida,1999,1569,59.0,266
180,Florida,2000,1540,61.0,260
181,Florida,2001,1973,71.0,270
182,Florida,2002,1407,61.0,223
183,Florida,2003,1234,29.0,161
184,Florida,2004,2100,65.0,164
185,Florida,2005,2127,17.0,111
186,Florida,2006,1030,27.0,117
187,Florida,2007,792,20.0,102
188,Florida,2008,1383,9.0,85
189,Florida,2009,602,19.0,45
190,Florida,2010,775,9.0,55
191,Florida,2011,404,12.0,39
192,Florida,2012,760,56.0,49
193,Florida,2013,332,22.0,37
194,Florida,2014,1180,35.0,79
195,Florida,2015,638,20.0,68
196,Florida,2016,673,37.0,61
197,Florida,2017,710,17.0,55
198,Florida,2018,1021,20.0,72
199,Florida,2019,763,54.0,70
200,Florida,2020,288,2.0,25
201,Florida,2021,132,34.0,21
202,Georgia,1998,425,3.0,13
203,Georgia,1999,649,50.0,17
204,Georgia,2000,1814,39.0,42
205,Georgia,2001,1300,17.0,36
206,Georgia,2002,636,10.0,26
207,Georgia,2003,462,12.0,30
208,Georgia,2004,441,3.0,29
209,Georgia,2005,666,33.0,29
210,Georgia,2006,414,21.0,21
211,Georgia,2007,528,28.0,21
212,Georgia,2008,589,17.0,22
213,Georgia,2009,89,4.0,6
214,Georgia,2010,189,19.0,10
215,Georgia,2011,666,29.0,16
216,Georgia,2012,99,9.0,9
217,Georgia,2013,396,17.0,27
218,Georgia,2014,428,7.0,11
219,Georgia,2015,279,2.0,10
220,Georgia,2016,446,26.0,21
221,Georgia,2017,650,9.0,14
222,Georgia,2018,552,23.0,27
223,Georgia,2019,101,9.0,18
224,Georgia,2020,33,1.0,7
225,Georgia,2021,83,3.0,11
226,Guam,1998,97,0.0,4
227,Guam,2000,22,0.0,6
228,Guam,2002,45,0.0,13
229,Guam,2003,32,0.0,2
230,Hawaii,1998,420,5.0,35
231,Hawaii,1999,231,6.0,29
232,Hawaii,2000,157,4.0,31
233,Hawaii,2001,229,14.0,40
234,Hawaii,2002,293,0.0,46
235,Hawaii,2003,273,4.0,44
236,Hawaii,2004,496,9.0,27
237,Hawaii,2005,151,9.0,24
238,Hawaii,2006,191,6.0,15
239,Hawaii,2007,151,7.0,12
240,Hawaii,2008,268,0.0,16
241,Hawaii,2009,97,2.0,7
242,Hawaii,2010,64,4.0,5
243,Hawaii,2011,89,0.0,5
244,Hawaii,2012,143,15.0,5
245,Hawaii,2013,192,30.0,8
246,Hawaii,2014,36,1.0,3
247,Hawaii,2015,77,0.0,12
248,Hawaii,2016,350,77.0,13
249,Hawaii,2017,221,6.0,19
250,Hawaii,2018,43,0.0,6
251,Hawaii,2019,55,5.0,8
252,Hawaii,2020,33,2.0,5
253,Hawaii,2021,9,0.0,3
254,Idaho,1998,103,0.0,2
255,Idaho,1999,48,3.0,2
256,Idaho,2000,92,2.0,6
257,Idaho,2001,29,4.0,2
258,Idaho,2002,51,5.0,3
259,Idaho,2003,20,0.0,2
260,Idaho,2004,281,1.0,5
261,Idaho,2005,379,0.0,8
262,Idaho,2006,149,3.0,10
263,Idaho,2007,34,0.0,3
264,Idaho,2008,30,0.0,3
265,Idaho,2009,44,0.0,5
266,Idaho,2010,16,6.0,3
267,Idaho,2011,131,7.0,7
268,Idaho,2012,38,2.0,4
269,Idaho,2013,19,3.0,4
270,Idaho,2014,23,5.0,4
271,Idaho,2015,342,18.0,7
272,Idaho,2016,41,3.0,2
273,Idaho,2017,25,2.0,5
274,Idaho,2018,11,1.0,2
275,Idaho,2019,15,6.0,2
276,Idaho,2020,5,3.0,2
277,Idaho,2021,103,3.0,11
278,Illinois,1998,1817,27.0,49
279,Illinois,1999,1539,38.0,62
280,Illinois,2000,1491,33.0,85
281,Illinois,2001,1146,43.0,75
282,Illinois,2002,2684,62.0,89
283,Illinois,2003,1143,48.0,58
284,Illinois,2004,2047,35.0,93
285,Illinois,2005,1645,14.0,58
286,Illinois,2006,1398,61.0,68
287,Illinois,2007,2407,59.0,72
288,Illinois,2008,989,27.0,69
289,Illinois,2009,1313,36.0,55
290,Illinois,2010,1270,71.0,65
291,Illinois,2011,881,20.0,53
292,Illinois,2012,869,24.0,44
293,Illinois,2013,714,33.0,39
294,Illinois,2014,520,49.0,47
295,Illinois,2015,827,33.0,52
296,Illinois,2016,724,37.0,32
297,Illinois,2017,597,21.0,38
298,Illinois,2018,683,19.0,60
299,Illinois,2019,694,43.0,49
300,Illinois,2020,194,2.0,19
301,Illinois,2021,479,24.0,25
302,Indiana,1998,595,20.0,13
303,Indiana,1999,516,13.0,11
304,Indiana,2000,400,9.0,16
305,Indiana,2001,104,1.0,5
306,Indiana,2002,628,4.0,14
307,Indiana,2003,50,6.0,4
308,Indiana,2006,417,40.0,7
309,Indiana,2007,36,6.0,3
310,Indiana,2009,129,3.0,8
311,Indiana,2010,90,22.0,15
312,Indiana,2011,141,64.0,16
313,Indiana,2012,21,0.0,1
314,Indiana,2013,46,9.0,6
315,Indiana,2014,96,3.0,9
316,Indiana,2015,17,0.0,3
317,Indiana,2016,146,5.0,9
318,Indiana,2017,65,4.0,5
319,Indiana,2018,61,2.0,3
320,Indiana,2019,6,0.0,2
321,Indiana,2020,6,3.0,1
322,Indiana,2021,53,13.0,3
323,Iowa,1998,162,0.0,4
324,Iowa,1999,402,15.0,13
325,Iowa,2000,393,5.0,13
326,Iowa,2001,187,4.0,8
327,Iowa,2002,227,9.0,5
328,Iowa,2003,747,20.0,11
329,Iowa,2004,753,4.0,14
330,Iowa,2005,301,0.0,10
331,Iowa,2006,226,9.0,7
332,Iowa,2007,321,2.0,11
333,Iowa,2008,113,7.0,6
334,Iowa,2009,38,5.0,2
335,Iowa,2010,102,9.0,6
336,Iowa,2011,61,0.0,5
337,Iowa,2012,50,8.0,8
338,Iowa,2013,98,7.0,8
339,Iowa,2014,456,3.0,14
340,Iowa,2015,229,2.0,17
341,Iowa,2016,173,13.0,9
342,Iowa,2017,205,4.0,13
343,Iowa,2018,98,2.0,7
344,Iowa,2019,54,3.0,7
345,Iowa,2020,29,2.0,4
346,Iowa,2021,42,2.0,5
347,Kansas,1998,305,3.0,9
348,Kansas,1999,390,4.0,6
349,Kansas,2000,177,2.0,12
350,Kansas,2001,181,3.0,7
351,Kansas,2002,390,7.0,22
352,Kansas,2003,308,3.0,17
353,Kansas,2004,329,6.0,20
354,Kansas,2005,439,23.0,23
355,Kansas,2006,184,16.0,29
356,Kansas,2007,498,13.0,42
357,Kansas,2008,554,10.0,42
358,Kansas,2009,193,9.0,24
359,Kansas,2010,470,5.0,22
360,Kansas,2011,231,12.0,16
361,Kansas,2012,210,5.0,18
362,Kansas,2013,356,4.0,14
363,Kansas,2014,290,4.0,8
364,Kansas,2015,286,15.0,35
365,Kansas,2016,182,13.0,25
366,Kansas,2017,126,3.0,21
367,Kansas,2018,239,20.0,36
368,Kansas,2019,65,3.0,17
369,Kansas,2020,44,1.0,3
370,Kansas,2021,80,1.0,7
371,Kentucky,1998,87,1.0,3
372,Kentucky,1999,9,5.0,1
373,Kentucky,2000,14,5.0,1
374,Kentucky,2001,15,0.0,2
375,Kentucky,2002,6,0.0,1
376,Kentucky,2006,5,2.0,1
377,Kentucky,2007,41,0.0,2
378,Kentucky,2008,151,4.0,2
379,Kentucky,2010,51,8.0,7
380,Kentucky,2011,113,1.0,9
381,Kentucky,2012,69,1.0,5
382,Kentucky,2013,20,7.0,2
383,Kentucky,2014,23,7.0,2
384,Kentucky,2015,108,7.0,6
385,Kentucky,2016,242,1.0,3
386,Kentucky,2017,30,3.0,3
387,Kentucky,2018,72,2.0,3
388,Kentucky,2019,98,13.0,10
389,Kentucky,2020,340,3.0,4
390,Kentucky,2021,384,12.0,6
391,Louisiana,1998,506,16.0,9
392,Louisiana,1999,97,0.0,2
393,Louisiana,2000,155,0.0,3
394,Louisiana,2001,308,24.0,6
395,Louisiana,2002,87,6.0,3
396,Louisiana,2003,937,35.0,4
397,Louisiana,2004,251,1.0,6
398,Louisiana,2005,82,1.0,2
399,Louisiana,2006,81,4.0,4
400,Louisiana,2007,80,8.0,3
401,Louisiana,2008,78,1.0,4
402,Louisiana,2009,1000,4.0,2
403,Louisiana,2010,87,3.0,3
404,Louisiana,2011,107,6.0,5
405,Louisiana,2012,68,10.0,6
406,Louisiana,2013,90,6.0,7
407,Louisiana,2014,138,6.0,5
408,Louisiana,2015,17,0.0,2
409,Louisiana,2016,129,1.0,4
410,Louisiana,2017,133,45.0,2
411,Louisiana,2018,127,1.0,4
412,Louisiana,2019,52,6.0,5
413,Louisiana,2020,125,29.0,3
414,Louisiana,2021,33,6.0,2
415,Maine,1998,59,4.0,8
416,Maine,1999,116,5.0,12
417,Maine,2000,55,2.0,8
418,Maine,2001,214,5.0,9
419,Maine,2002,126,16.0,7
420,Maine,2003,82,0.0,3
421,Maine,2004,44,1.0,5
422,Maine,2005,278,0.0,12
423,Maine,2006,388,11.0,17
424,Maine,2007,2590,41.0,68
425,Maine,2008,730,10.0,23
426,Maine,2009,50,1.0,2
427,Maine,2010,55,1.0,4
428,Maine,2011,43,2.0,2
429,Maine,2012,16,1.0,2
430,Maine,2014,11,2.0,3
431,Maine,2016,86,1.0,3
432,Maine,2017,24,1.0,1
433,Maine,2018,106,2.0,2
434,Maine,2019,30,3.0,3
435,Maine,2020,79,0.0,2
436,Maine,2021,136,2.0,3
437,Maryland,1998,1009,10.0,115
438,Maryland,1999,1549,32.0,143
439,Maryland,2000,907,8.0,113
440,Maryland,2001,617,18.0,69
441,Maryland,2002,525,17.0,64
442,Maryland,2003,435,24.0,37
443,Maryland,2004,683,10.0,43
444,Maryland,2005,389,2.0,19
445,Maryland,2006,342,12.0,30
446,Maryland,2007,363,8.0,19
447,Maryland,2008,604,13.0,20
448,Maryland,2009,269,9.0,15
449,Maryland,2010,180,6.0,19
450,Maryland,2011,387,26.0,22
451,Maryland,2012,183,14.0,20
452,Maryland,2013,228,9.0,23
453,Maryland,2014,448,6.0,25
454,Maryland,2015,356,12.0,20
455,Maryland,2016,299,7.0,25
456,Maryland,2017,285,6.0,23
457,Maryland,2018,136,8.0,16
458,Maryland,2019,146,7.0,18
459,Maryland,2020,16,3.0,4
460,Maryland,2021,104,0.0,6
461,Massachusetts,1998,519,14.0,15
462,Massachusetts,1999,362,4.0,15
463,Massachusetts,2000,286,0.0,23
464,Massachusetts,2001,516,17.0,12
465,Massachusetts,2002,667,18.0,16
466,Massachusetts,2003,250,6.0,9
467,Massachusetts,2004,620,23.0,11
468,Massachusetts,2005,427,3.0,11
469,Massachusetts,2006,393,9.0,13
470,Massachusetts,2007,216,34.0,9
471,Massachusetts,2008,281,14.0,8
472,Massachusetts,2009,349,8.0,13
473,Massachusetts,2010,208,7.0,7
474,Massachusetts,2011,319,17.0,15
475,Massachusetts,2012,226,36.0,15
476,Massachusetts,2013,366,6.0,14
477,Massachusetts,2014,386,21.0,18
478,Massachusetts,2015,175,4.0,11
479,Massachusetts,2016,194,19.0,13
480,Massachusetts,2017,162,13.0,18
481,Massachusetts,2018,113,9.0,12
482,Massachusetts,2019,345,11.0,21
483,Massachusetts,2020,77,1.0,5
484,Massachusetts,2021,137,1.0,12
485,Michigan,1998,1151,22.0,121
486,Michigan,1999,1192,11.0,85
487,Michigan,2000,1132,17.0,98
488,Michigan,2001,1023,12.0,54
489,Michigan,2002,872,44.0,61
490,Michigan,2003,790,13.0,55
491,Michigan,2004,738,10.0,61
492,Michigan,2005,685,11.0,50
493,Michigan,2006,2207,42.0,44
494,Michigan,2007,304,10.0,29
495,Michigan,2008,547,14.0,35
496,Michigan,2009,494,18.0,21
497,Michigan,2010,288,28.0,14
498,Michigan,2011,465,33.0,30
499,Michigan,2012,880,12.0,31
500,Michigan,2013,350,24.0,27
501,Michigan,2014,728,19.0,32
502,Michigan,2015,625,17.0,34
503,Michigan,2016,682,22.0,30
504,Michigan,2017,616,24.0,41
505,Michigan,2018,523,25.0,36
506,Michigan,2019,440,13.0,35
507,Michigan,2020,70,13.0,11
508,Michigan,2021,221,4.0,18
509,Minnesota,1998,867,3.0,39
510,Minnesota,1999,577,24.0,38
511,Minnesota,2000,761,17.0,44
512,Minnesota,2001,795,15.0,39
513,Minnesota,2002,957,9.0,44
514,Minnesota,2003,763,24.0,38
515,Minnesota,2004,738,19.0,37
516,Minnesota,2005,666,15.0,39
517,Minnesota,2006,1197,40.0,78
518,Minnesota,2007,624,40.0,41
519,Minnesota,2008,737,19.0,59
520,Minnesota,2009,514,9.0,35
521,Minnesota,2010,809,16.0,61
522,Minnesota,2011,932,31.0,51
523,Minnesota,2012,572,14.0,48
524,Minnesota,2013,604,32.0,35
525,Minnesota,2014,894,28.0,59
526,Minnesota,2015,506,10.0,55
527,Minnesota,2016,406,5.0,35
528,Minnesota,2017,600,19.0,36
529,Minnesota,2018,822,17.0,53
530,Minnesota,2019,324,14.0,33
531,Minnesota,2020,80,0.0,11
532,Minnesota,2021,260,20.0,30
533,Mississippi,1998,56,0.0,5
534,Mississippi,1999,4,0.0,1
535,Mississippi,2000,140,7.0,7
536,Mississippi,2001,43,2.0,3
537,Mississippi,2002,128,1.0,3
538,Mississippi,2003,63,0.0,4
539,Mississippi,2004,64,12.0,4
540,Mississippi,2005,48,0.0,1
541,Mississippi,2006,295,13.0,4
542,Mississippi,2007,67,0.0,2
543,Mississippi,2009,250,3.0,2
544,Mississippi,2010,39,1.0,2
545,Mississippi,2011,182,36.0,2
546,Mississippi,2013,3,3.0,1
547,Mississippi,2014,20,2.0,2
548,Mississippi,2016,205,1.0,1
549,Mississippi,2017,14,0.0,2
550,Mississippi,2018,84,0.0,2
551,Missouri,1998,127,4.0,6
552,Missouri,1999,129,3.0,5
553,Missouri,2000,152,5.0,7
554,Missouri,2001,26,1.0,1
555,Missouri,2002,297,29.0,8
556,Missouri,2003,930,5.0,10
557,Missouri,2004,420,2.0,20
558,Missouri,2005,58,2.0,2
559,Missouri,2006,177,0.0,4
560,Missouri,2007,233,5.0,8
561,Missouri,2008,163,6.0,4
562,Missouri,2009,323,2.0,9
563,Missouri,2010,402,11.0,10
564,Missouri,2011,143,2.0,6
565,Missouri,2012,78,5.0,5
566,Missouri,2013,90,10.0,8
567,Missouri,2014,208,3.0,7
568,Missouri,2015,86,13.0,4
569,Missouri,2016,144,10.0,6
570,Missouri,2017,180,19.0,7
571,Missouri,2018,45,5.0,4
572,Missouri,2019,113,0.0,5
573,Missouri,2020,5,0.0,1
574,Missouri,2021,35,0.0,3
575,Montana,1998,259,0.0,6
576,Montana,1999,134,0.0,5
577,Montana,2000,188,3.0,6
578,Montana,2004,79,0.0,1
579,Montana,2005,112,4.0,3
580,Montana,2006,294,26.0,5
581,Montana,2011,5,2.0,1
582,Montana,2012,57,0.0,2
583,Montana,2013,62,1.0,5
584,Montana,2014,38,3.0,4
585,Montana,2015,72,1.0,3
586,Montana,2016,38,6.0,1
587,Montana,2017,20,0.0,1
588,Montana,2018,20,0.0,3
589,Montana,2019,18,0.0,1
590,Montana,2021,10,0.0,1
591,Multistate,1998,1186,176.0,15
592,Multistate,1999,953,43.0,22
593,Multistate,2000,878,113.0,17
594,Multistate,2001,315,29.0,11
595,Multistate,2002,817,95.0,8
596,Multistate,2003,1443,83.0,15
597,Multistate,2004,1009,194.0,10
598,Multistate,2005,589,84.0,13
599,Multistate,2006,1715,378.0,13
600,Multistate,2007,1088,218.0,19
601,Multistate,2008,2769,563.0,17
602,Multistate,2009,1215,168.0,22
603,Multistate,2010,2863,167.0,30
604,Multistate,2011,1501,417.0,21
605,Multistate,2012,1728,345.0,30
606,Multistate,2013,1550,415.0,28
607,Multistate,2014,852,271.0,30
608,Multistate,2015,1891,427.0,30
609,Multistate,2016,1153,359.0,46
610,Multistate,2017,1627,513.0,41
611,Multistate,2018,4533,1017.0,71
612,Multistate,2019,2180,568.0,52
613,Multistate,2020,2933,472.0,36
614,Multistate,2021,2263,568.0,47
615,Nebraska,1998,75,0.0,2
616,Nebraska,1999,242,8.0,4
617,Nebraska,2000,39,0.0,2
618,Nebraska,2001,75,1.0,2
619,Nebraska,2002,10,2.0,1
620,Nebraska,2003,12,8.0,1
621,Nebraska,2005,61,2.0,1
622,Nebraska,2007,4,2.0,1
623,Nebraska,2008,49,5.0,2
624,Nebraska,2010,23,0.0,3
625,Nebraska,2011,35,1.0,3
626,Nebraska,2012,73,5.0,2
627,Nebraska,2013,104,8.0,6
628,Nebraska,2014,21,0.0,1
629,Nebraska,2015,41,3.0,3
630,Nebraska,2016,98,0.0,4
631,Nebraska,2017,145,4.0,5
632,Nebraska,2018,69,1.0,3
633,Nebraska,2019,138,2.0,3
634,Nebraska,2020,12,0.0,2
635,Nebraska,2021,71,1.0,3
636,Nevada,1998,85,4.0,2
637,Nevada,2001,329,3.0,3
638,Nevada,2002,69,0.0,3
639,Nevada,2003,861,23.0,10
640,Nevada,2004,543,10.0,16
641,Nevada,2006,4,0.0,1
642,Nevada,2008,38,2.0,6
643,Nevada,2009,79,0.0,4
644,Nevada,2010,10,0.0,1
645,Nevada,2011,33,0.0,3
646,Nevada,2012,72,0.0,2
647,Nevada,2013,430,56.0,2
648,Nevada,2014,58,1.0,3
649,Nevada,2015,217,20.0,8
650,Nevada,2016,17,0.0,3
651,Nevada,2017,16,1.0,1
652,Nevada,2018,165,0.0,7
653,Nevada,2019,9,0.0,2
654,Nevada,2021,8,0.0,2
655,New Hampshire,1998,192,0.0,6
656,New Hampshire,1999,204,12.0,5
657,New Hampshire,2000,60,0.0,3
658,New Hampshire,2001,47,0.0,1
659,New Hampshire,2002,38,0.0,2
660,New Hampshire,2003,100,0.0,1
661,New Hampshire,2004,197,5.0,8
662,New Hampshire,2005,192,0.0,6
663,New Hampshire,2006,238,3.0,7
664,New Hampshire,2007,64,2.0,5
665,New Hampshire,2008,63,0.0,2
666,New Hampshire,2009,220,7.0,4
667,New Hampshire,2010,18,0.0,3
668,New Hampshire,2011,110,0.0,5
669,New Hampshire,2012,60,0.0,4
670,New Hampshire,2013,70,1.0,4
671,New Hampshire,2014,31,5.0,4
672,New Hampshire,2015,29,0.0,2
673,New Hampshire,2016,35,4.0,2
674,New Hampshire,2017,34,0.0,2
675,New Hampshire,2018,15,0.0,2
676,New Hampshire,2019,29,1.0,3
677,New Hampshire,2020,19,0.0,1
678,New Hampshire,2021,54,2.0,1
679,New Jersey,1998,273,17.0,13
680,New Jersey,1999,245,3.0,14
681,New Jersey,2000,63,10.0,3
682,New Jersey,2001,284,2.0,13
683,New Jersey,2002,195,1.0,10
684,New Jersey,2003,158,2.0,10
685,New Jersey,2004,438,17.0,17
686,New Jersey,2005,191,0.0,7
687,New Jersey,2006,324,4.0,10
688,New Jersey,2007,453,22.0,14
689,New Jersey,2008,163,8.0,6
690,New Jersey,2009,309,7.0,10
691,New Jersey,2010,163,3.0,10
692,New Jersey,2011,163,13.0,11
693,New Jersey,2012,190,11.0,16
694,New Jersey,2013,72,8.0,10
695,New Jersey,2014,180,19.0,17
696,New Jersey,2015,469,0.0,11
697,New Jersey,2016,127,1.0,4
698,New Jersey,2017,67,3.0,4
699,New Jersey,2018,97,0.0,8
700,New Mexico,1998,70,3.0,2
701,New Mexico,1999,111,19.0,3
702,New Mexico,2000,66,2.0,2
703,New Mexico,2002,4,0.0,1
704,New Mexico,2003,239,23.0,5
705,New Mexico,2004,128,0.0,5
706,New Mexico,2005,35,0.0,1
707,New Mexico,2006,164,0.0,1
708,New Mexico,2007,48,1.0,1
709,New Mexico,2008,55,10.0,5
710,New Mexico,2009,97,2.0,6
711,New Mexico,2010,90,11.0,6
712,New Mexico,2011,170,3.0,4
713,New Mexico,2012,21,2.0,2
714,New Mexico,2013,122,6.0,7
715,New Mexico,2014,27,2.0,3
716,New Mexico,2015,19,0.0,1
717,New Mexico,2016,201,2.0,5
718,New Mexico,2017,60,2.0,5
719,New Mexico,2018,102,5.0,9
720,New Mexico,2019,61,2.0,5
721,New Mexico,2020,36,2.0,2
722,New York,1998,1198,60.0,73
723,New York,1999,1176,1.0,51
724,New York,2000,1538,21.0,64
725,New York,2001,2285,41.0,60
726,New York,2002,1120,29.0,50
727,New York,2003,730,14.0,39
728,New York,2004,1282,43.0,60
729,New York,2005,748,32.0,54
730,New York,2006,1736,81.0,77
731,New York,2007,573,17.0,46
732,New York,2008,1259,77.0,48
733,New York,2009,558,27.0,34
734,New York,2010,568,24.0,38
735,New York,2011,601,31.0,47
736,New York,2012,517,29.0,42
737,New York,2013,561,14.0,51
738,New York,2014,443,41.0,39
739,New York,2015,560,18.0,40
740,New York,2016,933,13.0,43
741,New York,2017,455,22.0,35
742,New York,2018,613,42.0,48
743,New York,2019,400,9.0,43
744,New York,2020,40,0.0,8
745,New York,2021,91,8.0,11
746,North Carolina,1998,412,0.0,13
747,North Carolina,1999,352,0.0,17
748,North Carolina,2000,168,0.0,6
749,North Carolina,2001,255,12.0,3
750,North Carolina,2002,752,39.0,15
751,North Carolina,2003,195,9.0,8
752,North Carolina,2004,1069,23.0,23
753,North Carolina,2005,524,9.0,24
754,North Carolina,2006,465,24.0,23
755,North Carolina,2007,134,19.0,6
756,North Carolina,2008,263,32.0,10
757,North Carolina,2009,10,0.0,1
758,North Carolina,2010,576,8.0,10
759,North Carolina,2011,117,2.0,6
760,North Carolina,2012,364,13.0,7
761,North Carolina,2013,239,8.0,10
762,North Carolina,2014,128,0.0,4
763,North Carolina,2015,398,27.0,7
764,North Carolina,2016,332,21.0,9
765,North Carolina,2017,216,23.0,12
766,North Carolina,2018,369,33.0,8
767,North Carolina,2019,143,12.0,8
768,North Carolina,2020,236,1.0,3
769,North Carolina,2021,50,0.0,3
770,North Dakota,1998,620,0.0,2
771,North Dakota,1999,85,1.0,1
772,North Dakota,2002,541,0.0,6
773,North Dakota,2003,110,2.0,5
774,North Dakota,2004,28,1.0,3
775,North Dakota,2005,71,1.0,3
776,North Dakota,2006,185,3.0,8
777,North Dakota,2007,82,1.0,5
778,North Dakota,2008,54,1.0,4
779,North Dakota,2009,267,10.0,8
780,North Dakota,2010,67,0.0,6
781,North Dakota,2011,165,5.0,4
782,North Dakota,2012,112,0.0,5
783,North Dakota,2013,94,0.0,7
784,North Dakota,2014,75,3.0,3
785,North Dakota,2015,209,0.0,6
786,North Dakota,2018,7,0.0,1
787,North Dakota,2019,103,1.0,4
788,North Dakota,2020,8,0.0,1
789,North Dakota,2021,5,0.0,2
790,Ohio,1998,2181,72.0,104
791,Ohio,1999,2204,58.0,94
792,Ohio,2000,1644,33.0,65
793,Ohio,2001,1333,78.0,55
794,Ohio,2002,720,25.0,47
795,Ohio,2003,812,16.0,39
796,Ohio,2004,1760,44.0,89
797,Ohio,2005,786,23.0,77
798,Ohio,2006,1417,54.0,113
799,Ohio,2007,880,37.0,82
800,Ohio,2008,1677,30.0,85
801,Ohio,2009,601,17.0,54
802,Ohio,2010,739,26.0,52
803,Ohio,2011,595,15.0,52
804,Ohio,2012,1019,39.0,74
805,Ohio,2013,753,30.0,68
806,Ohio,2014,494,18.0,61
807,Ohio,2015,843,43.0,77
808,Ohio,2016,752,26.0,74
809,Ohio,2017,1129,28.0,60
810,Ohio,2018,1176,11.0,57
811,Ohio,2019,549,7.0,57
812,Ohio,2020,193,9.0,19
813,Ohio,2021,199,8.0,28
814,Oklahoma,1998,29,2.0,2
815,Oklahoma,1999,25,6.0,1
816,Oklahoma,2000,40,3.0,3
817,Oklahoma,2001,72,10.0,4
818,Oklahoma,2002,16,11.0,1
819,Oklahoma,2003,37,0.0,2
820,Oklahoma,2004,13,2.0,1
821,Oklahoma,2005,127,5.0,8
822,Oklahoma,2006,105,1.0,5
823,Oklahoma,2007,16,0.0,1
824,Oklahoma,2008,574,71.0,4
825,Oklahoma,2009,64,4.0,2
826,Oklahoma,2010,90,0.0,5
827,Oklahoma,2011,472,1.0,4
828,Oklahoma,2012,97,4.0,6
829,Oklahoma,2013,238,14.0,5
830,Oklahoma,2014,112,2.0,3
831,Oklahoma,2015,36,12.0,1
832,Oklahoma,2016,80,1.0,3
833,Oklahoma,2017,67,8.0,5
834,Oklahoma,2020,8,0.0,1
835,Oklahoma,2021,6,0.0,1
836,Oregon,1998,763,5.0,23
837,Oregon,1999,714,4.0,20
838,Oregon,2000,557,7.0,21
839,Oregon,2001,808,4.0,31
840,Oregon,2002,504,2.0,30
841,Oregon,2003,625,15.0,46
842,Oregon,2004,764,21.0,51
843,Oregon,2005,422,4.0,30
844,Oregon,2006,393,19.0,34
845,Oregon,2007,680,7.0,32
846,Oregon,2008,497,5.0,27
847,Oregon,2009,324,10.0,15
848,Oregon,2010,487,16.0,32
849,Oregon,2011,192,15.0,19
850,Oregon,2012,435,9.0,24
851,Oregon,2013,368,9.0,28
852,Oregon,2014,165,15.0,19
853,Oregon,2015,244,28.0,21
854,Oregon,2016,308,5.0,23
855,Oregon,2017,153,6.0,18
856,Oregon,2018,351,22.0,16
857,Oregon,2019,129,9.0,7
858,Oregon,2020,49,5.0,6
859,Oregon,2021,57,20.0,10
860,Pennsylvania,1998,662,21.0,38
861,Pennsylvania,1999,1070,16.0,39
862,Pennsylvania,2000,965,37.0,42
863,Pennsylvania,2001,793,14.0,27
864,Pennsylvania,2002,405,4.0,24
865,Pennsylvania,2003,444,13.0,23
866,Pennsylvania,2004,2226,45.0,56
867,Pennsylvania,2005,676,21.0,19
868,Pennsylvania,2006,678,37.0,43
869,Pennsylvania,2007,849,30.0,31
870,Pennsylvania,2008,502,11.0,19
871,Pennsylvania,2009,82,11.0,11
872,Pennsylvania,2010,231,16.0,21
873,Pennsylvania,2011,684,17.0,20
874,Pennsylvania,2012,381,49.0,22
875,Pennsylvania,2013,421,37.0,25
876,Pennsylvania,2014,178,3.0,14
877,Pennsylvania,2015,127,2.0,6
878,Pennsylvania,2016,100,3.0,7
879,Pennsylvania,2017,261,16.0,11
880,Pennsylvania,2018,421,32.0,30
881,Pennsylvania,2019,225,12.0,7
882,Pennsylvania,2020,24,3.0,4
883,Pennsylvania,2021,52,9.0,4
884,Puerto Rico,2007,128,0.0,11
885,Puerto Rico,2008,199,27.0,15
886,Puerto Rico,2009,30,4.0,3
887,Puerto Rico,2010,102,9.0,4
888,Puerto Rico,2011,93,0.0,9
889,Puerto Rico,2012,131,6.0,14
890,Puerto Rico,2013,159,8.0,18
891,Puerto Rico,2014,65,1.0,4
892,Puerto Rico,2015,19,0.0,2
893,Puerto Rico,2016,80,14.0,7
894,Puerto Rico,2017,11,1.0,3
895,Puerto Rico,2018,51,0.0,8
896,Puerto Rico,2019,141,12.0,25
897,Puerto Rico,2020,71,6.0,13
898,Puerto Rico,2021,126,15.0,16
899,Republic of Palau,2005,9,0.0,2
900,Rhode Island,1999,89,1.0,2
901,Rhode Island,2001,152,2.0,2
902,Rhode Island,2003,150,1.0,1
903,Rhode Island,2006,126,1.0,3
904,Rhode Island,2007,37,1.0,4
905,Rhode Island,2008,26,3.0,3
906,Rhode Island,2009,43,0.0,3
907,Rhode Island,2010,54,3.0,5
908,Rhode Island,2011,245,29.0,8
909,Rhode Island,2012,53,1.0,10
910,Rhode Island,2013,68,8.0,10
911,Rhode Island,2014,103,1.0,8
912,Rhode Island,2015,25,0.0,3
913,Rhode Island,2016,26,0.0,4
914,Rhode Island,2017,27,2.0,6
915,Rhode Island,2018,188,5.0,10
916,Rhode Island,2019,46,0.0,6
917,Rhode Island,2020,14,2.0,1
918,Rhode Island,2021,41,2.0,5
919,South Carolina,1998,47,1.0,2
920,South Carolina,1999,32,0.0,2
921,South Carolina,2000,202,5.0,7
922,South Carolina,2001,796,0.0,4
923,South Carolina,2002,66,2.0,4
924,South Carolina,2003,91,4.0,4
925,South Carolina,2004,224,3.0,10
926,South Carolina,2005,521,83.0,11
927,South Carolina,2006,233,3.0,5
928,South Carolina,2007,349,11.0,16
929,South Carolina,2008,216,10.0,6
930,South Carolina,2009,517,17.0,10
931,South Carolina,2010,358,4.0,7
932,South Carolina,2011,136,4.0,7
933,South Carolina,2012,210,13.0,11
934,South Carolina,2013,182,7.0,11
935,South Carolina,2014,277,17.0,15
936,South Carolina,2015,286,11.0,15
937,South Carolina,2016,501,3.0,13
938,South Carolina,2017,535,9.0,21
939,South Carolina,2018,835,11.0,12
940,South Carolina,2019,139,1.0,12
941,South Carolina,2020,42,0.0,3
942,South Carolina,2021,78,0.0,4
943,South Dakota,1998,16,1.0,2
944,South Dakota,2000,189,13.0,2
945,South Dakota,2001,21,2.0,1
946,South Dakota,2002,84,0.0,3
947,South Dakota,2003,22,0.0,1
948,South Dakota,2004,53,0.0,3
949,South Dakota,2005,35,0.0,1
950,South Dakota,2006,18,0.0,1
951,South Dakota,2007,11,6.0,1
952,South Dakota,2008,18,1.0,2
953,South Dakota,2009,10,4.0,2
954,South Dakota,2010,5,0.0,1
955,South Dakota,2011,5,0.0,1
956,South Dakota,2012,106,0.0,2
957,South Dakota,2013,57,0.0,1
958,South Dakota,2015,31,1.0,2
959,South Dakota,2016,110,31.0,1
960,South Dakota,2017,68,0.0,2
961,South Dakota,2018,30,0.0,1
962,South Dakota,2021,13,2.0,1
963,Tennessee,1998,312,12.0,2
964,Tennessee,1999,252,6.0,10
965,Tennessee,2000,956,49.0,21
966,Tennessee,2001,1388,6.0,21
967,Tennessee,2002,741,28.0,32
968,Tennessee,2003,461,20.0,17
969,Tennessee,2004,321,4.0,16
970,Tennessee,2005,486,29.0,14
971,Tennessee,2006,504,21.0,29
972,Tennessee,2007,167,11.0,20
973,Tennessee,2008,304,11.0,21
974,Tennessee,2009,179,24.0,11
975,Tennessee,2010,290,2.0,19
976,Tennessee,2011,149,5.0,14
977,Tennessee,2012,277,18.0,16
978,Tennessee,2013,286,16.0,24
979,Tennessee,2014,133,14.0,11
980,Tennessee,2015,269,3.0,17
981,Tennessee,2016,608,33.0,25
982,Tennessee,2017,181,4.0,13
983,Tennessee,2018,200,39.0,15
984,Tennessee,2019,291,16.0,25
985,Tennessee,2020,168,8.0,6
986,Tennessee,2021,52,4.0,7
987,Texas,1998,1602,85.0,29
988,Texas,1999,668,7.0,15
989,Texas,2000,843,0.0,20
990,Texas,2001,1068,22.0,26
991,Texas,2002,1562,28.0,12
992,Texas,2003,2474,23.0,21
993,Texas,2004,1392,12.0,20
994,Texas,2005,312,14.0,5
995,Texas,2006,377,34.0,16
996,Texas,2007,752,24.0,28
997,Texas,2008,1082,14.0,17
998,Texas,2009,124,2.0,7
999,Texas,2010,217,25.0,20
1000,Texas,2011,210,5.0,36
1001,Texas,2012,525,15.0,22
1002,Texas,2013,372,18.0,16
1003,Texas,2014,163,4.0,29
1004,Texas,2015,444,5.0,28
1005,Texas,2016,284,9.0,15
1006,Texas,2017,234,6.0,13
1007,Texas,2018,1136,11.0,88
1008,Texas,2019,537,45.0,45
1009,Texas,2020,119,7.0,28
1010,Texas,2021,162,3.0,17
1011,Utah,1998,43,8.0,4
1012,Utah,1999,322,0.0,4
1013,Utah,2000,55,5.0,4
1014,Utah,2001,70,3.0,5
1015,Utah,2002,271,0.0,2
1016,Utah,2003,24,2.0,3
1017,Utah,2004,90,0.0,1
1018,Utah,2005,475,22.0,10
1019,Utah,2006,39,0.0,4
1020,Utah,2007,62,4.0,1
1021,Utah,2008,143,7.0,4
1022,Utah,2009,25,0.0,2
1023,Utah,2010,119,5.0,10
1024,Utah,2011,14,0.0,2
1025,Utah,2012,64,0.0,5
1026,Utah,2013,31,1.0,3
1027,Utah,2014,217,14.0,11
1028,Utah,2015,296,8.0,20
1029,Utah,2016,86,9.0,6
1030,Utah,2017,133,3.0,14
1031,Utah,2018,197,3.0,28
1032,Utah,2019,169,5.0,25
1033,Utah,2020,19,1.0,5
1034,Utah,2021,150,1.0,12
1035,Vermont,1998,37,0.0,2
1036,Vermont,1999,12,2.0,1
1037,Vermont,2000,51,2.0,4
1038,Vermont,2001,83,6.0,5
1039,Vermont,2002,66,0.0,3
1040,Vermont,2003,46,3.0,3
1041,Vermont,2004,18,1.0,4
1042,Vermont,2005,8,2.0,1
1043,Vermont,2006,3,0.0,1
1044,Vermont,2007,73,2.0,6
1045,Vermont,2008,36,3.0,2
1046,Vermont,2010,17,0.0,2
1047,Vermont,2011,6,0.0,1
1048,Vermont,2012,11,3.0,1
1049,Vermont,2013,36,1.0,3
1050,Vermont,2014,8,4.0,2
1051,Vermont,2015,15,0.0,2
1052,Vermont,2016,10,1.0,2
1053,Vermont,2017,6,2.0,2
1054,Vermont,2018,612,9.0,4
1055,Vermont,2019,9,0.0,1
1056,Virginia,1998,392,6.0,15
1057,Virginia,1999,369,8.0,9
1058,Virginia,2000,619,24.0,18
1059,Virginia,2001,886,45.0,18
1060,Virginia,2002,402,7.0,13
1061,Virginia,2003,602,12.0,13
1062,Virginia,2004,460,2.0,12
1063,Virginia,2005,310,9.0,12
1064,Virginia,2006,572,12.0,12
1065,Virginia,2007,206,12.0,10
1066,Virginia,2008,331,23.0,11
1067,Virginia,2009,90,12.0,7
1068,Virginia,2010,281,5.0,17
1069,Virginia,2011,336,6.0,14
1070,Virginia,2012,301,9.0,22
1071,Virginia,2013,260,7.0,14
1072,Virginia,2014,603,7.0,22
1073,Virginia,2015,494,15.0,20
1074,Virginia,2016,235,15.0,18
1075,Virginia,2017,617,32.0,12
1076,Virginia,2018,305,7.0,21
1077,Virginia,2019,478,24.0,23
1078,Virginia,2020,43,2.0,9
1079,Virginia,2021,166,9.0,16
1080,Washington,1998,736,13.0,59
1081,Washington,1999,899,9.0,88
1082,Washington,2000,636,11.0,64
1083,Washington,2001,572,22.0,68
1084,Washington,2002,875,8.0,57
1085,Washington,2003,612,20.0,54
1086,Washington,2004,650,21.0,55
1087,Washington,2005,356,11.0,39
1088,Washington,2006,641,9.0,49
1089,Washington,2007,777,13.0,40
1090,Washington,2008,539,14.0,42
1091,Washington,2009,258,16.0,24
1092,Washington,2010,276,16.0,31
1093,Washington,2011,356,3.0,26
1094,Washington,2012,477,15.0,21
1095,Washington,2013,333,8.0,28
1096,Washington,2014,360,15.0,41
1097,Washington,2015,313,20.0,35
1098,Washington,2016,512,16.0,51
1099,Washington,2017,903,7.0,55
1100,Washington,2018,481,17.0,50
1101,Washington,2019,493,11.0,30
1102,Washington,2020,180,18.0,11
1103,Washington,2021,318,3.0,21
1104,Washington DC,1998,95,0.0,2
1105,Washington DC,2000,123,0.0,2
1106,Washington DC,2001,21,0.0,1
1107,Washington DC,2002,240,7.0,10
1108,Washington DC,2003,320,0.0,4
1109,Washington DC,2004,282,1.0,9
1110,Washington DC,2007,97,0.0,3
1111,Washington DC,2008,137,0.0,2
1112,Washington DC,2015,166,9.0,2
1113,Washington DC,2016,49,0.0,1
1114,Washington DC,2017,52,1.0,1
1115,Washington DC,2018,25,0.0,4
1116,Washington DC,2019,23,0.0,3
1117,West Virginia,1998,229,0.0,3
1118,West Virginia,1999,154,18.0,3
1119,West Virginia,2000,80,0.0,3
1120,West Virginia,2001,116,6.0,6
1121,West Virginia,2002,29,1.0,1
1122,West Virginia,2003,48,2.0,1
1123,West Virginia,2005,23,0.0,1
1124,West Virginia,2006,72,1.0,3
1125,West Virginia,2007,15,5.0,2
1126,West Virginia,2008,73,3.0,4
1127,West Virginia,2009,27,10.0,2
1128,West Virginia,2010,10,2.0,1
1129,West Virginia,2012,78,0.0,4
1130,West Virginia,2014,102,0.0,3
1131,West Virginia,2015,35,0.0,2
1132,West Virginia,2016,57,2.0,6
1133,West Virginia,2017,21,2.0,2
1134,West Virginia,2018,27,0.0,2
1135,West Virginia,2019,52,5.0,3
1136,Wisconsin,1998,534,55.0,24
1137,Wisconsin,1999,640,6.0,18
1138,Wisconsin,2000,1208,42.0,22
1139,Wisconsin,2001,601,16.0,20
1140,Wisconsin,2002,627,34.0,32
1141,Wisconsin,2003,398,23.0,21
1142,Wisconsin,2004,1271,33.0,43
1143,Wisconsin,2005,292,7.0,13
1144,Wisconsin,2006,775,18.0,36
1145,Wisconsin,2007,672,4.0,24
1146,Wisconsin,2008,742,4.0,21
1147,Wisconsin,2009,506,6.0,19
1148,Wisconsin,2010,763,10.0,26
1149,Wisconsin,2011,301,8.0,14
1150,Wisconsin,2012,317,8.0,19
1151,Wisconsin,2013,365,28.0,24
1152,Wisconsin,2014,408,21.0,23
1153,Wisconsin,2015,599,17.0,29
1154,Wisconsin,2016,440,8.0,25
1155,Wisconsin,2017,697,19.0,37
1156,Wisconsin,2018,394,9.0,27
1157,Wisconsin,2019,450,5.0,21
1158,Wisconsin,2020,108,4.0,9
1159,Wisconsin,2021,206,6.0,11
1160,Wyoming,2000,54,1.0,4
1161,Wyoming,2001,77,3.0,4
1162,Wyoming,2002,374,5.0,7
1163,Wyoming,2003,65,14.0,1
1164,Wyoming,2004,182,2.0,4
1165,Wyoming,2005,56,8.0,5
1166,Wyoming,2006,98,1.0,3
1167,Wyoming,2007,60,3.0,5
1168,Wyoming,2008,154,1.0,7
1169,Wyoming,2009,62,0.0,4
1170,Wyoming,2010,33,1.0,1
1171,Wyoming,2011,64,0.0,3
1172,Wyoming,2012,319,2.0,3
1173,Wyoming,2013,28,0.0,1
1174,Wyoming,2014,6,0.0,2
1175,Wyoming,2015,88,0.0,3
1176,Wyoming,2016,21,0.0,1
1177,Wyoming,2017,23,4.0,3
1178,Wyoming,2018,15,0.0,1
1179,Wyoming,2021,23,7.0,1
